query_id,rank,doc_id,score,verification
q5017,1,d5017,43.1285,pass_all
q5017,2,d7761,20.6539,pass_partial
q5017,3,d7388,19.9265,wrong_answer
q5017,4,d5254,19.5637,error
q5017,5,d7387,19.3259,pass_partial
q5017,6,d1159,18.8302,pass_partial
q5017,7,d6030,18.6124,pass_partial
q5017,8,d5183,18.5287,error
q5017,9,d5462,17.8607,pass_partial
q5017,10,d7874,16.8309,error
q5050,1,d5050,46.9124,pass_all
q5050,2,d3037,25.5772,wrong_answer
q5050,3,d6180,24.2903,error
q5050,4,d7781,23.8799,pass_partial
q5050,5,d7709,22.5552,wrong_answer
q5050,6,d7495,22.0095,wrong_answer
q5050,7,d5487,21.2977,pass_partial
q5050,8,d5245,19.4556,error
q5050,9,d6910,19.2354,
q5050,10,d5623,19.1847,error
q5093,1,d5093,47.7786,pass_all
q5093,2,d5523,23.2199,error
q5093,3,d2271,22.1951,error
q5093,4,d5459,21.1923,wrong_answer
q5093,5,d5116,21.0591,wrong_answer
q5093,6,d803,19.5893,error
q5093,7,d5658,18.7874,error
q5093,8,d5038,18.51,wrong_answer
q5093,9,d5770,18.2977,wrong_answer
q5093,10,d5254,17.9325,wrong_answer
q5154,1,d5154,42.0545,pass_all
q5154,2,d5238,26.0918,wrong_answer
q5154,3,d6332,25.2041,wrong_answer
q5154,4,d2147,24.3568,wrong_answer
q5154,5,d6155,20.4445,error
q5154,6,d6131,18.6855,error
q5154,7,d5987,18.6207,
q5154,8,d8387,18.5466,error
q5154,9,d6642,18.2805,
q5154,10,d8136,18.2266,
q5161,1,d5161,47.5384,pass_all
q5161,2,d7749,25.8129,wrong_answer
q5161,3,d6910,23.9452,wrong_answer
q5161,4,d8517,22.9118,wrong_answer
q5161,5,d7667,21.6584,wrong_answer
q5161,6,d5480,20.3576,error
q5161,7,d5112,18.7445,wrong_answer
q5161,8,d6180,18.7377,wrong_answer
q5161,9,d1301,18.4148,error
q5161,10,d7707,18.2223,error
q5191,1,d5191,45.0189,pass_all
q5191,2,d5367,26.8148,pass_partial
q5191,3,d7641,24.3781,pass_partial
q5191,4,d5432,24.0747,wrong_answer
q5191,5,d891,23.6383,error
q5191,6,d5594,22.5252,error
q5191,7,d7791,22.3298,wrong_answer
q5191,8,d5737,22.1209,pass_partial
q5191,9,d6528,21.4975,pass_partial
q5191,10,d5465,21.478,wrong_answer
q5198,1,d5198,42.6003,pass_all
q5198,2,d5881,24.4226,error
q5198,3,d7506,23.731,wrong_answer
q5198,4,d7387,21.726,pass_partial
q5198,5,d6077,18.4986,error
q5198,6,d2085,17.7264,pass_partial
q5198,7,d6176,16.6307,error
q5198,8,d6869,15.6825,error
q5198,9,d6939,15.5206,error
q5198,10,d6856,15.3866,error
q5204,1,d5204,49.7539,pass_all
q5204,2,d6577,23.1158,wrong_answer
q5204,3,d2290,19.9114,error
q5204,4,d2148,19.0437,error
q5204,5,d8161,18.8528,wrong_answer
q5204,6,d6513,17.1185,error
q5204,7,d5386,16.8897,error
q5204,8,d5484,15.5581,error
q5204,9,d8091,15.4832,
q5204,10,d6237,15.3016,
q5238,1,d5238,44.628,pass_all
q5238,2,d7739,25.5798,error
q5238,3,d5154,24.4345,error
q5238,4,d892,22.1319,error
q5238,5,d5367,21.1009,error
q5238,6,d8364,20.5512,error
q5238,7,d5737,20.1589,wrong_answer
q5238,8,d6332,19.7386,error
q5238,9,d8691,19.6424,error
q5238,10,d5674,19.5907,error
q5242,1,d5242,48.9713,pass_all
q5242,2,d7705,19.964,error
q5242,3,d6332,15.6019,error
q5242,4,d7828,14.1469,error
q5242,5,d8430,13.4262,error
q5242,6,d5946,12.9054,
q5242,7,d6415,12.7778,
q5242,8,d6269,12.6491,
q5242,9,d8184,12.6441,
q5242,10,d5254,12.5764,
q5243,1,d5243,37.6392,pass_all
q5243,2,d1183,25.9603,error
q5243,3,d7359,22.798,pass_partial
q5243,4,d7350,21.5962,error
q5243,5,d6456,21.0268,wrong_answer
q5243,6,d7940,20.3883,pass_partial
q5243,7,d6745,19.5395,error
q5243,8,d6618,19.5385,wrong_answer
q5243,9,d6674,19.0082,error
q5243,10,d5459,18.78,error
q5245,1,d5245,36.3008,pass_all
q5245,2,d5151,23.6198,wrong_answer
q5245,3,d6503,22.209,wrong_answer
q5245,4,d8345,20.2138,pass_partial
q5245,5,d6018,19.9231,wrong_answer
q5245,6,d8268,19.9202,error
q5245,7,d5287,19.6044,wrong_answer
q5245,8,d7206,19.475,error
q5245,9,d7934,19.1105,error
q5245,10,d7781,18.4652,wrong_answer
q5249,1,d5249,43.6979,pass_all
q5249,2,d7167,25.362,error
q5249,3,d7368,21.7863,error
q5249,4,d5192,21.7552,error
q5249,5,d6582,21.3706,error
q5249,6,d5810,20.0447,wrong_answer
q5249,7,d5740,19.7933,pass_partial
q5249,8,d1105,19.7753,error
q5249,9,d7928,19.1825,error
q5249,10,d2063,18.4434,error
q5254,1,d5254,31.8115,pass_all
q5254,2,d5038,24.2772,pass_partial
q5254,3,d5248,23.5718,error
q5254,4,d1149,21.3941,error
q5254,5,d5576,21.1758,error
q5254,6,d7917,20.7672,error
q5254,7,d7749,20.1839,error
q5254,8,d5423,18.2263,error
q5254,9,d6106,17.8749,error
q5254,10,d82,17.8172,error
q5258,1,d5258,44.3344,pass_all
q5258,2,d5747,20.6995,error
q5258,3,d5580,19.172,wrong_answer
q5258,4,d7738,18.5681,unverified
q5258,5,d59,16.5785,error
q5258,6,d7906,15.9925,error
q5258,7,d6467,15.5799,error
q5258,8,d6131,15.265,error
q5258,9,d1739,15.1969,wrong_answer
q5258,10,d6918,15.1109,error
q5267,1,d5267,47.068,pass_all
q5267,2,d5915,21.889,error
q5267,3,d5906,20.8464,error
q5267,4,d648,20.8208,error
q5267,5,d5546,19.3721,error
q5267,6,d7514,19.0968,error
q5267,7,d4352,18.6564,wrong_answer
q5267,8,d6352,18.497,wrong_answer
q5267,9,d5297,18.2999,error
q5267,10,d5611,18.0971,wrong_answer
q5282,1,d5282,38.4962,pass_all
q5282,2,d8480,22.9873,pass_partial
q5282,3,d5898,19.9024,error
q5282,4,d862,19.5989,pass_partial
q5282,5,d8082,19.5843,error
q5282,6,d6732,19.0952,pass_partial
q5282,7,d5176,18.6251,wrong_answer
q5282,8,d7936,16.8557,
q5282,9,d5682,16.8284,
q5282,10,d7928,16.8042,wrong_answer
q5287,1,d5287,36.9122,pass_all
q5287,2,d6018,28.9362,pass_partial
q5287,3,d7781,28.3472,wrong_answer
q5287,4,d8364,25.4183,wrong_answer
q5287,5,d6327,25.1271,wrong_answer
q5287,6,d5151,24.5989,wrong_answer
q5287,7,d8623,24.1697,pass_partial
q5287,8,d8600,24.0151,pass_partial
q5287,9,d523,23.4408,wrong_answer
q5287,10,d8254,21.0718,wrong_answer
q5297,1,d5297,32.5132,error
q5297,2,d8030,23.4367,pass_partial
q5297,3,d5360,22.5016,error
q5297,4,d5484,22.4243,pass_partial
q5297,5,d5686,22.2525,error
q5297,6,d6764,19.4651,error
q5297,7,d8141,18.4415,error
q5297,8,d7387,18.1398,error
q5297,9,d6139,18.1391,pass_partial
q5297,10,d5793,18.0926,error
q5300,1,d5300,44.956,pass_all
q5300,2,d850,20.4049,wrong_answer
q5300,3,d7124,19.7835,wrong_answer
q5300,4,d8161,19.2213,error
q5300,5,d6498,19.2092,error
q5300,6,d6513,17.5289,error
q5300,7,d5594,16.943,error
q5300,8,d8025,16.8386,wrong_answer
q5300,9,d6535,16.7227,wrong_answer
q5300,10,d986,16.4371,error
q5318,1,d5318,49.0967,pass_all
q5318,2,d6245,24.3385,error
q5318,3,d8585,22.732,pass_partial
q5318,4,d5778,20.5435,wrong_answer
q5318,5,d5366,20.3439,error
q5318,6,d5969,20.0202,error
q5318,7,d1580,16.9979,error
q5318,8,d6106,16.9651,error
q5318,9,d6482,16.5756,error
q5318,10,d8644,16.3149,wrong_answer
q5331,1,d5331,44.9072,pass_all
q5331,2,d5112,24.8801,pass_partial
q5331,3,d5737,22.2063,pass_partial
q5331,4,d5595,20.5032,error
q5331,5,d6658,19.6552,error
q5331,6,d6586,18.641,wrong_answer
q5331,7,d5372,18.1757,error
q5331,8,d2742,17.6075,wrong_answer
q5331,9,d5480,17.2217,
q5331,10,d459,17.1483,
q5336,1,d5336,45.2588,pass_partial
q5336,2,d5353,26.0387,error
q5336,3,d8196,22.7503,error
q5336,4,d8006,22.6749,error
q5336,5,d6018,22.3148,wrong_answer
q5336,6,d8426,22.1198,error
q5336,7,d6518,21.0601,wrong_answer
q5336,8,d8364,20.9597,wrong_answer
q5336,9,d4114,20.9087,wrong_answer
q5336,10,d6503,20.4104,wrong_answer
q5340,1,d5340,48.5036,pass_all
q5340,2,d6892,30.66,error
q5340,3,d5810,24.6398,error
q5340,4,d5674,20.6313,error
q5340,5,d5189,19.4346,error
q5340,6,d7761,19.1138,wrong_answer
q5340,7,d7709,18.6836,wrong_answer
q5340,8,d8517,18.5247,wrong_answer
q5340,9,d5740,18.5174,error
q5340,10,d8236,18.2524,
q5353,1,d5353,46.1597,pass_all
q5353,2,d5183,20.9692,error
q5353,3,d6394,19.6869,wrong_answer
q5353,4,d7110,18.8156,error
q5353,5,d5462,18.7199,error
q5353,6,d5681,18.4764,error
q5353,7,d5576,18.2298,wrong_answer
q5353,8,d5336,17.8525,wrong_answer
q5353,9,d5116,17.7621,error
q5353,10,d5741,17.4386,error
q5372,1,d5112,27.587,error
q5372,2,d5372,26.9601,error
q5372,3,d3246,26.8892,wrong_answer
q5372,4,d8132,25.4122,pass_partial
q5372,5,d5331,23.7759,error
q5372,6,d2013,23.5862,pass_partial
q5372,7,d5737,22.8083,error
q5372,8,d5480,22.6438,error
q5372,9,d1631,21.6191,wrong_answer
q5372,10,d8030,21.3996,wrong_answer
q5384,1,d5384,48.7208,pass_all
q5384,2,d6407,24.8256,wrong_answer
q5384,3,d7928,22.9445,error
q5384,4,d5894,22.1612,error
q5384,5,d5184,21.5662,wrong_answer
q5384,6,d5238,21.062,pass_partial
q5384,7,d6582,20.7055,error
q5384,8,d7167,20.592,error
q5384,9,d2271,20.3439,error
q5384,10,d6526,19.8651,wrong_answer
q5386,1,d5386,42.4515,pass_all
q5386,2,d5204,21.1721,error
q5386,3,d6777,18.3953,error
q5386,4,d7014,17.924,wrong_answer
q5386,5,d6031,16.4087,wrong_answer
q5386,6,d6577,16.0641,wrong_answer
q5386,7,d2148,15.6165,error
q5386,8,d5384,14.4909,
q5386,9,d5989,14.4277,error
q5386,10,d4841,14.3602,wrong_answer
q5400,1,d5400,46.9958,pass_all
q5400,2,d8462,33.1899,pass_partial
q5400,3,d6652,25.5169,pass_partial
q5400,4,d8305,25.2279,error
q5400,5,d7799,23.8025,error
q5400,6,d7435,23.0812,error
q5400,7,d5366,20.7848,error
q5400,8,d8588,20.0495,error
q5400,9,d6586,19.8964,error
q5400,10,d5038,19.8013,error
q5423,1,d5423,46.0032,pass_all
q5423,2,d7799,26.0188,pass_partial
q5423,3,d5189,25.6656,pass_partial
q5423,4,d6269,23.1687,error
q5423,5,d6072,22.9412,error
q5423,6,d7988,21.3031,pass_partial
q5423,7,d5400,21.1835,pass_partial
q5423,8,d7684,19.165,error
q5423,9,d6106,18.7002,error
q5423,10,d7936,18.6395,error
q5480,1,d5480,46.505,pass_all
q5480,2,d6450,24.8474,error
q5480,3,d6168,24.7643,error
q5480,4,d5112,24.683,wrong_answer
q5480,5,d6264,22.2236,error
q5480,6,d1199,21.459,error
q5480,7,d5657,20.718,wrong_answer
q5480,8,d2247,20.6773,error
q5480,9,d1631,20.5674,wrong_answer
q5480,10,d8030,19.3453,error
q5483,1,d5483,38.9009,wrong_answer
q5483,2,d8460,27.2566,error
q5483,3,d8480,21.5463,wrong_answer
q5483,4,d2646,19.9821,wrong_answer
q5483,5,d8258,19.1313,error
q5483,6,d8644,17.9471,wrong_answer
q5483,7,d7928,17.3074,wrong_answer
q5483,8,d5245,17.1991,error
q5483,9,d8161,17.0496,error
q5483,10,d5530,16.9905,error
q5484,1,d5484,42.1529,pass_all
q5484,2,d6139,29.0723,pass_partial
q5484,3,d6352,20.4014,error
q5484,4,d7503,19.8207,wrong_answer
q5484,5,d6759,19.6551,wrong_answer
q5484,6,d7007,18.256,error
q5484,7,d7514,18.0657,pass_partial
q5484,8,d5737,15.971,error
q5484,9,d8327,15.9617,
q5484,10,d7764,15.8775,
q5508,1,d5508,43.2086,pass_partial
q5508,2,d7135,21.9411,wrong_answer
q5508,3,d7936,21.8026,error
q5508,4,d8045,21.5868,error
q5508,5,d8006,20.0783,wrong_answer
q5508,6,d8381,19.9725,error
q5508,7,d3,19.8665,error
q5508,8,d5897,18.8212,error
q5508,9,d8676,18.6471,error
q5508,10,d1189,18.5553,wrong_answer
q5530,1,d5530,43.3388,pass_all
q5530,2,d8460,27.8407,error
q5530,3,d8400,23.5709,wrong_answer
q5530,4,d5483,22.8464,error
q5530,5,d3037,20.6446,wrong_answer
q5530,6,d8480,16.7621,error
q5530,7,d2646,16.3241,
q5530,8,d8381,16.0246,
q5530,9,d4048,15.9969,
q5530,10,d4126,15.966,
q5546,1,d5546,43.6488,pass_partial
q5546,2,d6759,26.0024,error
q5546,3,d7503,21.7078,wrong_answer
q5546,4,d6352,20.4213,pass_partial
q5546,5,d5676,19.8929,error
q5546,6,d5915,19.002,error
q5546,7,d2479,18.663,wrong_answer
q5546,8,d6063,18.4105,error
q5546,9,d5112,17.9046,pass_partial
q5546,10,d5508,17.8327,error
q5561,1,d5561,46.1092,pass_all
q5561,2,d7641,26.4514,wrong_answer
q5561,3,d7791,22.9437,wrong_answer
q5561,4,d6528,20.1674,wrong_answer
q5561,5,d2530,17.1433,wrong_answer
q5561,6,d5432,16.7277,wrong_answer
q5561,7,d7007,16.6213,wrong_answer
q5561,8,d7181,16.4957,error
q5561,9,d5997,15.6401,error
q5561,10,d5191,15.4616,wrong_answer
q5591,1,d5591,42.5389,pass_all
q5591,2,d74,25.8084,error
q5591,3,d8475,24.6193,pass_partial
q5591,4,d6141,22.8714,wrong_answer
q5591,5,d2097,22.2695,error
q5591,6,d7793,19.6828,wrong_answer
q5591,7,d7864,19.4486,wrong_answer
q5591,8,d6838,19.192,error
q5591,9,d6380,19.1822,error
q5591,10,d7359,19.0561,wrong_answer
q5597,1,d5597,43.5589,pass_all
q5597,2,d4988,27.3685,wrong_answer
q5597,3,d8275,16.6412,error
q5597,4,d8351,15.6227,error
q5597,5,d6000,14.7657,error
q5597,6,d8348,14.2689,error
q5597,7,d5319,13.4092,
q5597,8,d6239,13.3937,error
q5597,9,d5373,13.1673,
q5597,10,d3655,13.1641,
q5618,1,d5618,45.5603,pass_all
q5618,2,d6198,19.8554,wrong_answer
q5618,3,d1062,18.2045,error
q5618,4,d5487,16.4296,error
q5618,5,d5465,15.7834,error
q5618,6,d8539,15.0356,
q5618,7,d7950,14.9243,
q5618,8,d7641,14.8751,
q5618,9,d6777,14.5329,error
q5618,10,d4275,14.5323,
q5619,1,d5619,46.3603,pass_all
q5619,2,d1492,19.5166,error
q5619,3,d7925,17.2083,error
q5619,4,d6422,16.4203,error
q5619,5,d5241,14.4994,error
q5619,6,d5387,14.4696,error
q5619,7,d5386,13.4146,error
q5619,8,d7799,13.2493,error
q5619,9,d2005,12.7548,
q5619,10,d8006,12.7156,
q5620,1,d5620,48.4777,pass_all
q5620,2,d5176,21.8771,error
q5620,3,d5658,18.9427,error
q5620,4,d7110,18.0071,error
q5620,5,d7805,17.7488,error
q5620,6,d6713,17.5298,error
q5620,7,d7798,17.1493,error
q5620,8,d5183,16.7485,error
q5620,9,d6394,16.4793,error
q5620,10,d6141,16.3845,error
q5623,1,d5623,42.4656,pass_all
q5623,2,d5245,27.2082,error
q5623,3,d6180,26.6165,error
q5623,4,d7781,24.7386,error
q5623,5,d3847,24.2058,wrong_answer
q5623,6,d5737,23.093,pass_partial
q5623,7,d7928,22.5778,pass_partial
q5623,8,d7739,21.7817,wrong_answer
q5623,9,d5112,21.217,wrong_answer
q5623,10,d5287,20.6019,error
q5676,1,d5676,46.1825,pass_all
q5676,2,d6942,22.8992,error
q5676,3,d7408,19.1643,error
q5676,4,d6332,18.3913,wrong_answer
q5676,5,d6155,18.2993,error
q5676,6,d1631,16.9254,wrong_answer
q5676,7,d8586,16.8361,
q5676,8,d5770,16.7487,
q5676,9,d2247,16.6783,
q5676,10,d7215,16.5306,
q5682,1,d5682,42.6796,pass_all
q5682,2,d6732,37.5285,wrong_answer
q5682,3,d1220,31.7373,error
q5682,4,d2358,31.4565,error
q5682,5,d6582,29.114,wrong_answer
q5682,6,d7450,28.4098,error
q5682,7,d5898,27.8827,error
q5682,8,d6077,27.454,wrong_answer
q5682,9,d7928,26.7471,wrong_answer
q5682,10,d7934,22.4975,error
q5689,1,d5689,32.2782,pass_all
q5689,2,d4814,24.3665,wrong_answer
q5689,3,d1159,21.1539,error
q5689,4,d7919,18.1147,error
q5689,5,d2531,17.9765,wrong_answer
q5689,6,d5733,17.6063,wrong_answer
q5689,7,d7774,16.3758,wrong_answer
q5689,8,d1223,15.6627,error
q5689,9,d6498,15.6199,
q5689,10,d4329,15.5012,
q5722,1,d5722,46.7034,pass_all
q5722,2,d2147,24.8057,error
q5722,3,d5793,24.1577,wrong_answer
q5722,4,d2027,21.5056,error
q5722,5,d2059,21.3913,error
q5722,6,d8078,20.4104,error
q5722,7,d8268,19.5304,pass_partial
q5722,8,d5737,17.2843,wrong_answer
q5722,9,d8503,17.0321,
q5722,10,d6662,17.0146,
q5737,1,d5737,45.0355,pass_all
q5737,2,d3246,28.6711,wrong_answer
q5737,3,d5367,27.296,wrong_answer
q5737,4,d5595,25.2505,error
q5737,5,d7215,24.6684,error
q5737,6,d8131,23.2687,error
q5737,7,d7764,23.2341,error
q5737,8,d5331,21.1215,wrong_answer
q5737,9,d5360,21.1204,error
q5737,10,d6450,20.5249,
q5741,1,d5741,39.7346,pass_all
q5741,2,d8454,17.3715,error
q5741,3,d7906,15.6367,error
q5741,4,d4581,15.0009,wrong_answer
q5741,5,d4456,14.1565,wrong_answer
q5741,6,d3847,13.7096,wrong_answer
q5741,7,d7244,13.5565,
q5741,8,d5462,13.434,error
q5741,9,d8658,13.3706,error
q5741,10,d1543,13.3064,
q5747,1,d5747,39.1389,pass_all
q5747,2,d6552,21.0056,error
q5747,3,d6658,16.5589,error
q5747,4,d6958,15.7871,error
q5747,5,d7738,15.6875,unverified
q5747,6,d6642,14.9494,error
q5747,7,d2027,14.8142,error
q5747,8,d5258,14.7941,error
q5747,9,d5044,13.7962,
q5747,10,d1493,13.6208,
q5770,1,d5770,49.7441,pass_all
q5770,2,d5360,23.6215,pass_partial
q5770,3,d6733,19.9239,error
q5770,4,d4352,18.5965,wrong_answer
q5770,5,d5038,18.2128,wrong_answer
q5770,6,d5459,18.1411,wrong_answer
q5770,7,d6958,17.5391,
q5770,8,d6759,17.4705,
q5770,9,d6352,17.3867,
q5770,10,d5372,17.3719,
q5844,1,d5844,51.3253,pass_all
q5844,2,d5387,16.4401,error
q5844,3,d6415,13.7697,error
q5844,4,d2027,13.0959,error
q5844,5,d7498,12.2548,error
q5844,6,d5204,12.1758,wrong_answer
q5844,7,d5571,12.0166,
q5844,8,d4841,12.0061,
q5844,9,d5619,11.8763,wrong_answer
q5844,10,d7492,11.8454,
q5880,1,d5880,47.2614,pass_all
q5880,2,d1189,28.6998,wrong_answer
q5880,3,d7028,22.7536,error
q5880,4,d8045,21.0353,error
q5880,5,d2621,20.5009,error
q5880,6,d708,20.4287,error
q5880,7,d7089,19.3601,wrong_answer
q5880,8,d8006,19.2749,wrong_answer
q5880,9,d7190,18.18,error
q5880,10,d6513,17.6254,error
q5894,1,d5894,44.8098,pass_all
q5894,2,d5384,23.3647,error
q5894,3,d7848,22.0837,unverified
q5894,4,d7003,20.8932,error
q5894,5,d4948,20.7856,wrong_answer
q5894,6,d7856,20.7836,error
q5894,7,d2027,19.9745,error
q5894,8,d2063,17.5967,error
q5894,9,d2358,15.8187,wrong_answer
q5894,10,d2147,14.9323,
q5906,1,d5906,43.8898,pass_all
q5906,2,d648,26.1669,error
q5906,3,d7007,24.0124,pass_partial
q5906,4,d6264,23.2713,pass_partial
q5906,5,d5331,20.008,pass_partial
q5906,6,d7547,19.1313,error
q5906,7,d5267,17.9852,wrong_answer
q5906,8,d3943,17.9483,wrong_answer
q5906,9,d6987,17.6381,wrong_answer
q5906,10,d6642,17.0791,error
q5915,1,d5915,43.2679,pass_partial
q5915,2,d7950,22.1411,error
q5915,3,d5112,18.8623,error
q5915,4,d8475,18.7916,error
q5915,5,d5546,17.0276,error
q5915,6,d2646,16.907,error
q5915,7,d5849,16.7386,error
q5915,8,d5360,16.5268,error
q5915,9,d6450,16.524,error
q5915,10,d8030,15.7344,error
q5946,1,d5946,40.1247,pass_all
q5946,2,d5399,30.2079,pass_partial
q5946,3,d7826,27.6897,pass_partial
q5946,4,d6245,22.0058,pass_partial
q5946,5,d5248,21.3316,error
q5946,6,d7383,21.1554,error
q5946,7,d5400,19.8347,error
q5946,8,d8305,19.2631,pass_partial
q5946,9,d1020,18.4416,error
q5946,10,d8437,17.5853,error
q5951,1,d5951,42.9808,pass_all
q5951,2,d5191,22.7388,wrong_answer
q5951,3,d5432,18.604,error
q5951,4,d6230,16.0076,error
q5951,5,d892,14.8568,error
q5951,6,d5465,14.7137,wrong_answer
q5951,7,d6979,14.4761,
q5951,8,d8147,14.3317,
q5951,9,d6198,14.2012,
q5951,10,d7943,14.16,
q5956,1,d5956,44.8169,pass_all
q5956,2,d5680,23.0808,wrong_answer
q5956,3,d6733,20.8216,error
q5956,4,d8030,20.5658,error
q5956,5,d7492,20.3692,error
q5956,6,d5462,20.0084,error
q5956,7,d8454,19.7955,error
q5956,8,d7906,18.604,error
q5956,9,d7761,18.2826,wrong_answer
q5956,10,d2247,18.0959,error
q5986,1,d5986,41.9954,pass_all
q5986,2,d7018,27.5551,wrong_answer
q5986,3,d5575,22.9454,error
q5986,4,d6939,20.5659,error
q5986,5,d5363,18.3868,wrong_answer
q5986,6,d6625,18.2647,error
q5986,7,d6377,18.2438,error
q5986,8,d7472,17.6949,error
q5986,9,d8184,17.4852,error
q5986,10,d7506,17.2189,wrong_answer
q6000,1,d6000,45.738,pass_all
q6000,2,d5878,29.2008,error
q6000,3,d8527,22.5759,wrong_answer
q6000,4,d7258,20.0313,error
q6000,5,d7503,19.5081,pass_partial
q6000,6,d6421,19.213,error
q6000,7,d943,18.2336,wrong_answer
q6000,8,d1890,17.6327,unverified
q6000,9,d7537,17.3582,error
q6000,10,d7387,17.0659,
q6015,1,d6015,45.5655,pass_all
q6015,2,d8196,20.0083,error
q6015,3,d4620,19.3535,wrong_answer
q6015,4,d5151,19.2411,wrong_answer
q6015,5,d7781,19.1196,wrong_answer
q6015,6,d5336,18.4021,wrong_answer
q6015,7,d6456,18.1221,wrong_answer
q6015,8,d5044,17.0345,error
q6015,9,d8080,16.8055,wrong_answer
q6015,10,d5287,16.1729,wrong_answer
q6018,1,d6018,39.8693,pass_all
q6018,2,d5287,38.2293,pass_partial
q6018,3,d7781,35.809,pass_partial
q6018,4,d5151,34.8985,pass_partial
q6018,5,d8364,29.6266,wrong_answer
q6018,6,d8600,26.8912,pass_partial
q6018,7,d7797,26.2106,wrong_answer
q6018,8,d8254,26.0138,pass_partial
q6018,9,d8623,26.0054,pass_partial
q6018,10,d8103,25.1524,error
q6077,1,d6077,46.3486,pass_all
q6077,2,d6732,29.6939,wrong_answer
q6077,3,d2358,29.3907,error
q6077,4,d5898,27.4625,error
q6077,5,d5682,25.8856,wrong_answer
q6077,6,d6674,23.5507,error
q6077,7,d5881,22.8629,error
q6077,8,d6856,22.8521,error
q6077,9,d6582,22.0921,wrong_answer
q6077,10,d6869,21.0196,error
q6106,1,d6106,45.7502,pass_all
q6106,2,d1392,20.0397,wrong_answer
q6106,3,d6245,18.8041,pass_partial
q6106,4,d5060,18.4362,pass_partial
q6106,5,d7988,17.9048,error
q6106,6,d5423,16.5308,error
q6106,7,d5419,16.2505,error
q6106,8,d7435,15.9067,wrong_answer
q6106,9,d7244,15.9013,
q6106,10,d7684,15.9008,
q6139,1,d6139,50.9312,pass_all
q6139,2,d5484,27.3207,error
q6139,3,d7215,24.7722,error
q6139,4,d2480,23.3946,wrong_answer
q6139,5,d6759,23.0957,error
q6139,6,d8441,22.8368,wrong_answer
q6139,7,d8580,21.0544,pass_partial
q6139,8,d7007,20.9875,error
q6139,9,d7641,20.4594,error
q6139,10,d4352,20.1263,wrong_answer
q6141,1,d6141,43.2639,pass_all
q6141,2,d7805,19.6557,error
q6141,3,d7097,18.7376,error
q6141,4,d5227,18.5639,wrong_answer
q6141,5,d5176,17.3027,error
q6141,6,d8184,17.0229,wrong_answer
q6141,7,d2097,16.3672,
q6141,8,d8348,16.3591,error
q6141,9,d5459,16.2181,
q6141,10,d7793,16.1305,
q6155,1,d6155,48.62,pass_all
q6155,2,d5238,30.5817,pass_partial
q6155,3,d6958,30.1733,wrong_answer
q6155,4,d8343,26.6886,error
q6155,5,d5154,21.698,error
q6155,6,d5360,20.7905,wrong_answer
q6155,7,d6615,20.4219,error
q6155,8,d8356,20.3394,error
q6155,9,d5674,18.9644,error
q6155,10,d6307,18.6442,error
q6166,1,d6166,50.2034,pass_all
q6166,2,d8586,22.279,error
q6166,3,d7295,21.268,error
q6166,4,d811,20.3241,error
q6166,5,d7460,19.7047,error
q6166,6,d6352,18.4217,wrong_answer
q6166,7,d5480,18.0084,error
q6166,8,d7079,17.6161,error
q6166,9,d8539,16.69,wrong_answer
q6166,10,d925,16.2236,wrong_answer
q6178,1,d6178,49.5979,pass_all
q6178,2,d6674,23.4982,wrong_answer
q6178,3,d476,18.5027,wrong_answer
q6178,4,d7506,18.3334,error
q6178,5,d5881,18.2806,error
q6178,6,d6869,16.6326,error
q6178,7,d7087,16.6024,error
q6178,8,d6931,16.0769,error
q6178,9,d2320,14.6834,
q6178,10,d2082,14.5532,wrong_answer
q6180,1,d6180,42.6775,pass_all
q6180,2,d6910,29.4936,pass_partial
q6180,3,d5245,24.4817,error
q6180,4,d3847,21.4739,wrong_answer
q6180,5,d5623,20.4788,wrong_answer
q6180,6,d7781,19.3498,error
q6180,7,d5112,18.9089,wrong_answer
q6180,8,d5161,18.5968,wrong_answer
q6180,9,d5425,18.1722,error
q6180,10,d8460,18.079,wrong_answer
q6187,1,d6187,40.8369,pass_partial
q6187,2,d5466,24.384,error
q6187,3,d5897,21.9234,error
q6187,4,d8692,21.9205,error
q6187,5,d7988,19.3578,error
q6187,6,d6618,18.3859,wrong_answer
q6187,7,d8078,18.0662,error
q6187,8,d6456,17.8896,wrong_answer
q6187,9,d7152,16.3522,error
q6187,10,d62,15.9732,error
q6228,1,d6228,41.1983,pass_all
q6228,2,d5050,23.7546,wrong_answer
q6228,3,d5733,23.6268,wrong_answer
q6228,4,d1489,22.5176,error
q6228,5,d7709,21.8764,wrong_answer
q6228,6,d5184,21.0382,error
q6228,7,d6856,19.2954,
q6228,8,d8345,19.1241,
q6228,9,d5384,19.0213,error
q6228,10,d6582,18.8604,error
q6230,1,d6230,47.3117,pass_all
q6230,2,d8147,19.4253,error
q6230,3,d5432,18.3793,pass_partial
q6230,4,d5956,17.5279,error
q6230,5,d7995,17.4792,error
q6230,6,d5951,16.3811,wrong_answer
q6230,7,d6733,14.8648,error
q6230,8,d5898,14.2719,
q6230,9,d1674,14.2021,
q6230,10,d7492,13.9418,error
q6264,1,d6264,41.4011,pass_all
q6264,2,d5112,28.3653,pass_partial
q6264,3,d6658,25.829,error
q6264,4,d5595,23.9734,pass_partial
q6264,5,d5480,23.8317,error
q6264,6,d5161,23.6589,wrong_answer
q6264,7,d5423,22.1566,wrong_answer
q6264,8,d5849,21.9383,pass_partial
q6264,9,d2247,21.8934,error
q6264,10,d6450,21.7793,error
q6269,1,d6269,49.2636,pass_all
q6269,2,d7936,32.7405,pass_partial
q6269,3,d5399,27.8364,wrong_answer
q6269,4,d6072,27.3311,error
q6269,5,d6245,25.2253,pass_partial
q6269,6,d5423,24.7704,error
q6269,7,d5254,20.709,error
q6269,8,d5183,19.9959,error
q6269,9,d5038,19.8927,error
q6269,10,d7523,19.1006,wrong_answer
q6286,1,d6286,36.9337,pass_all
q6286,2,d8254,21.6155,pass_all
q6286,3,d6498,18.5583,wrong_answer
q6286,4,d6786,16.7519,wrong_answer
q6286,5,d8025,16.1396,pass_partial
q6286,6,d7387,14.6811,error
q6286,7,d7761,14.4439,wrong_answer
q6286,8,d7781,14.422,
q6286,9,d7797,14.4059,wrong_answer
q6286,10,d5594,14.32,
q6287,1,d6287,42.4142,pass_all
q6287,2,d2173,21.064,error
q6287,3,d7848,20.7476,unverified
q6287,4,d5898,18.828,error
q6287,5,d766,18.6976,error
q6287,6,d7928,18.4016,error
q6287,7,d7167,17.5924,wrong_answer
q6287,8,d4233,16.6891,wrong_answer
q6287,9,d7826,16.4245,
q6287,10,d7917,16.1668,wrong_answer
q6327,1,d6327,45.0445,pass_all
q6327,2,d6618,27.9102,wrong_answer
q6327,3,d523,25.3317,wrong_answer
q6327,4,d5363,24.3256,wrong_answer
q6327,5,d6545,22.0289,wrong_answer
q6327,6,d4456,19.7166,wrong_answer
q6327,7,d5674,19.4337,error
q6327,8,d4124,19.0461,wrong_answer
q6327,9,d3768,19.0251,wrong_answer
q6327,10,d6874,18.9982,
q6394,1,d6394,43.316,pass_all
q6394,2,d7805,18.393,error
q6394,3,d6063,17.9006,error
q6394,4,d8279,17.1739,wrong_answer
q6394,5,d6141,17.0295,error
q6394,6,d3163,16.8196,wrong_answer
q6394,7,d5611,16.1227,error
q6394,8,d5530,16.0595,error
q6394,9,d5227,15.4363,
q6394,10,d8676,15.3069,
q6402,1,d6402,39.1668,pass_all
q6402,2,d6422,20.7695,error
q6402,3,d7492,16.2923,error
q6402,4,d7003,16.0111,error
q6402,5,d7995,15.8657,error
q6402,6,d5894,15.2741,
q6402,7,d6733,15.1213,error
q6402,8,d6662,15.1052,error
q6402,9,d2059,15.0908,wrong_answer
q6402,10,d2343,15.0685,error
q6407,1,d6407,50.3931,pass_all
q6407,2,d5384,23.0436,wrong_answer
q6407,3,d5849,22.9974,error
q6407,4,d5770,20.7211,pass_partial
q6407,5,d5360,19.6636,pass_partial
q6407,6,d5480,18.6921,error
q6407,7,d1677,18.288,error
q6407,8,d6450,18.2312,error
q6407,9,d5676,17.5996,error
q6407,10,d5112,17.1969,error
q6422,1,d6422,50.1572,pass_all
q6422,2,d5619,23.5625,pass_partial
q6422,3,d1678,19.6083,error
q6422,4,d2306,16.3781,unverified
q6422,5,d7856,16.1877,error
q6422,6,d1492,15.2489,error
q6422,7,d7072,15.0222,error
q6422,8,d6059,14.9199,error
q6422,9,d1684,14.8214,wrong_answer
q6422,10,d7387,14.7379,wrong_answer
q6435,1,d6435,37.368,pass_partial
q6435,2,d7139,20.2503,error
q6435,3,d6946,19.0106,wrong_answer
q6435,4,d7948,17.9207,wrong_answer
q6435,5,d7018,17.7255,wrong_answer
q6435,6,d7130,17.509,error
q6435,7,d6602,17.3029,wrong_answer
q6435,8,d6537,17.3029,wrong_answer
q6435,9,d2123,16.8514,wrong_answer
q6435,10,d7097,14.992,error
q6456,1,d6456,34.7065,wrong_answer
q6456,2,d7139,25.7812,error
q6456,3,d5287,23.9594,wrong_answer
q6456,4,d667,21.1839,error
q6456,5,d7181,21.1166,wrong_answer
q6456,6,d6015,20.8641,wrong_answer
q6456,7,d8080,19.3714,wrong_answer
q6456,8,d6470,19.3432,wrong_answer
q6456,9,d7950,19.1232,wrong_answer
q6456,10,d7781,18.7607,wrong_answer
q6470,1,d6470,35.3196,wrong_answer
q6470,2,d7139,19.0987,error
q6470,3,d5336,17.3596,wrong_answer
q6470,4,d8196,17.2924,error
q6470,5,d7700,16.4172,error
q6470,6,d6467,16.2042,error
q6470,7,d7339,15.7335,error
q6470,8,d7014,15.1487,error
q6470,9,d6943,14.8062,error
q6470,10,d6456,14.2971,wrong_answer
q6482,1,d6482,49.3874,pass_all
q6482,2,d7388,24.5659,pass_partial
q6482,3,d8509,23.9473,error
q6482,4,d5318,22.4784,pass_partial
q6482,5,d8064,19.8789,error
q6482,6,d7684,19.3148,error
q6482,7,d8665,18.2157,error
q6482,8,d8587,17.4052,error
q6482,9,d6245,16.4807,error
q6482,10,d7387,16.2812,error
q6498,1,d6498,35.9737,pass_all
q6498,2,d986,32.3697,pass_all
q6498,3,d850,23.2661,error
q6498,4,d8255,22.4363,error
q6498,5,d5432,21.991,error
q6498,6,d5594,21.209,error
q6498,7,d6131,20.7132,error
q6498,8,d7124,20.3661,wrong_answer
q6498,9,d6286,19.2944,
q6498,10,d7946,18.815,
q6513,1,d6513,49.873,pass_all
q6513,2,d7781,30.0199,pass_all
q6513,3,d7206,28.4919,pass_all
q6513,4,d7124,28.4548,pass_all
q6513,5,d8632,24.387,pass_partial
q6513,6,d7959,23.4645,pass_partial
q6513,7,d7864,23.3691,wrong_answer
q6513,8,d8356,22.0439,pass_partial
q6513,9,d2290,21.0621,error
q6513,10,d850,20.9653,pass_partial
q6526,1,d6526,44.7672,pass_all
q6526,2,d5384,24.3194,wrong_answer
q6526,3,d6307,20.6278,error
q6526,4,d7368,20.6188,error
q6526,5,d6155,18.7147,error
q6526,6,d6021,17.5851,wrong_answer
q6526,7,d7907,16.9664,wrong_answer
q6526,8,d6582,16.741,error
q6526,9,d5238,16.5257,wrong_answer
q6526,10,d59,16.474,
q6559,1,d6559,42.6661,pass_all
q6559,2,d6958,18.9027,wrong_answer
q6559,3,d7408,18.5328,error
q6559,4,d8405,17.4567,error
q6559,5,d8236,17.1869,pass_partial
q6559,6,d6764,17.1228,error
q6559,7,d6658,15.7257,error
q6559,8,d7335,15.6723,error
q6559,9,d8141,15.5226,wrong_answer
q6559,10,d5658,14.3749,
q6581,1,d6581,40.2238,pass_all
q6581,2,d7835,22.1191,wrong_answer
q6581,3,d2271,16.7028,error
q6581,4,d5658,16.6978,wrong_answer
q6581,5,d4071,16.3832,wrong_answer
q6581,6,d7492,16.0952,wrong_answer
q6581,7,d7079,15.9821,error
q6581,8,d1466,15.909,error
q6581,9,d5997,15.1755,
q6581,10,d511,15.0888,
q6602,1,d6602,30.8242,wrong_answer
q6602,2,d6537,30.8242,wrong_answer
q6602,3,d6620,18.1488,error
q6602,4,d2085,17.7862,error
q6602,5,d1149,16.4741,error
q6602,6,d1677,16.409,error
q6602,7,d6840,15.9514,error
q6602,8,d7018,15.7461,error
q6602,9,d907,15.5259,error
q6602,10,d2118,14.8148,wrong_answer
q6618,1,d6618,41.2386,pass_all
q6618,2,d6327,26.2316,wrong_answer
q6618,3,d6545,22.6425,wrong_answer
q6618,4,d6518,20.7241,wrong_answer
q6618,5,d5363,20.5959,wrong_answer
q6618,6,d931,19.8585,error
q6618,7,d2013,19.2132,wrong_answer
q6618,8,d7700,18.8517,error
q6618,9,d3847,18.769,
q6618,10,d4254,18.7353,wrong_answer
q6625,1,d6625,46.4468,pass_all
q6625,2,d7475,20.0091,wrong_answer
q6625,3,d6874,19.8361,error
q6625,4,d7894,18.0123,error
q6625,5,d6633,17.8579,wrong_answer
q6625,6,d6377,17.7638,error
q6625,7,d6908,17.6301,error
q6625,8,d6327,16.7944,wrong_answer
q6625,9,d8184,16.4739,wrong_answer
q6625,10,d6545,16.3878,wrong_answer
q6630,1,d6630,45.1028,pass_all
q6630,2,d2082,23.1581,wrong_answer
q6630,3,d8304,22.7415,wrong_answer
q6630,4,d8045,20.9912,error
q6630,5,d8082,19.8092,error
q6630,6,d7028,19.427,error
q6630,7,d5880,19.3879,error
q6630,8,d2005,19.0641,wrong_answer
q6630,9,d8268,17.8967,wrong_answer
q6630,10,d7038,17.3907,
q6646,1,d6646,41.5464,pass_all
q6646,2,d2343,20.6809,error
q6646,3,d6931,20.1037,error
q6646,4,d8564,19.4757,error
q6646,5,d8025,19.0146,pass_partial
q6646,6,d7155,18.6119,wrong_answer
q6646,7,d6239,18.5347,wrong_answer
q6646,8,d5793,18.3203,error
q6646,9,d8141,17.4965,
q6646,10,d2178,17.3045,error
q6702,1,d6702,40.0893,pass_all
q6702,2,d2633,17.1996,error
q6702,3,d1153,14.5938,error
q6702,4,d6946,13.8832,error
q6702,5,d7676,13.4385,error
q6702,6,d2323,12.9579,error
q6702,7,d8352,12.9187,wrong_answer
q6702,8,d8679,12.4245,error
q6702,9,d1507,11.5255,error
q6702,10,d5594,11.5,
q6713,1,d6713,50.3278,pass_all
q6713,2,d7435,19.7362,error
q6713,3,d5571,18.9416,error
q6713,4,d7201,17.8436,wrong_answer
q6713,5,d7196,17.0523,error
q6713,6,d8539,14.8228,error
q6713,7,d7917,14.5252,error
q6713,8,d7764,14.4789,
q6713,9,d8480,14.3962,
q6713,10,d2173,14.2827,
q6717,1,d6717,48.5368,pass_all
q6717,2,d7079,25.7663,error
q6717,3,d7460,21.4393,wrong_answer
q6717,4,d7676,19.6432,error
q6717,5,d1507,19.3759,error
q6717,6,d7300,18.8644,error
q6717,7,d7835,18.518,error
q6717,8,d7957,18.3807,error
q6717,9,d7480,17.9341,error
q6717,10,d808,17.4174,error
q6728,1,d6728,47.1261,pass_all
q6728,2,d5686,24.64,error
q6728,3,d8356,22.5798,error
q6728,4,d6615,20.772,error
q6728,5,d2118,18.3511,wrong_answer
q6728,6,d2123,17.9662,wrong_answer
q6728,7,d6155,17.3238,error
q6728,8,d7894,16.8326,wrong_answer
q6728,9,d6531,15.7778,wrong_answer
q6728,10,d7946,15.6365,
q6739,1,d6739,44.0726,pass_all
q6739,2,d7946,25.0782,wrong_answer
q6739,3,d6535,23.5199,pass_partial
q6739,4,d6030,21.0042,wrong_answer
q6739,5,d7950,19.2407,error
q6739,6,d5951,18.3881,error
q6739,7,d3715,18.036,wrong_answer
q6739,8,d6857,17.7861,error
q6739,9,d1471,17.5189,error
q6739,10,d7495,17.2982,error
q6752,1,d6752,43.4747,pass_all
q6752,2,d7393,30.4586,wrong_answer
q6752,3,d1039,28.4096,error
q6752,4,d7563,24.4956,error
q6752,5,d5881,24.1812,error
q6752,6,d6545,23.1562,wrong_answer
q6752,7,d264,21.8274,wrong_answer
q6752,8,d6582,21.4349,
q6752,9,d1395,21.3483,error
q6752,10,d6518,21.0342,wrong_answer
q6764,1,d6764,44.8213,pass_all
q6764,2,d6559,21.7685,error
q6764,3,d5110,20.523,error
q6764,4,d2147,20.2928,error
q6764,5,d8102,19.6153,wrong_answer
q6764,6,d8030,18.5385,error
q6764,7,d6038,16.8495,error
q6764,8,d5360,15.5941,error
q6764,9,d5154,15.3071,error
q6764,10,d7387,15.2837,
q6777,1,d6777,35.4413,pass_all
q6777,2,d5386,16.0615,error
q6777,3,d7034,15.3085,error
q6777,4,d5618,15.2704,error
q6777,5,d6415,14.5555,error
q6777,6,d1062,14.5366,error
q6777,7,d8441,14.5128,wrong_answer
q6777,8,d6198,14.2934,wrong_answer
q6777,9,d2147,13.8586,error
q6777,10,d5478,13.8252,
q6826,1,d6826,35.3522,pass_all
q6826,2,d8539,17.3968,error
q6826,3,d2290,15.9489,error
q6826,4,d8658,15.4675,error
q6826,5,d1390,15.2092,wrong_answer
q6826,6,d388,15.0817,wrong_answer
q6826,7,d7387,15.0727,error
q6826,8,d1223,14.4974,wrong_answer
q6826,9,d2646,14.4773,error
q6826,10,d3044,14.4383,
q6839,1,d6839,43.7754,pass_all
q6839,2,d7244,19.4961,error
q6839,3,d1466,19.0181,error
q6839,4,d1153,18.2334,error
q6839,5,d511,16.3228,error
q6839,6,d1252,15.1815,error
q6839,7,d7538,14.2617,error
q6839,8,d7651,14.1768,error
q6839,9,d7835,13.897,
q6839,10,d6857,13.8381,
q6840,1,d6840,48.4525,pass_all
q6840,2,d6602,21.344,wrong_answer
q6840,3,d6537,21.344,wrong_answer
q6840,4,d1189,20.9392,wrong_answer
q6840,5,d7948,20.4749,wrong_answer
q6840,6,d6618,19.8545,pass_partial
q6840,7,d2633,18.4164,wrong_answer
q6840,8,d7018,18.1582,wrong_answer
q6840,9,d708,17.1378,error
q6840,10,d2143,16.8236,wrong_answer
q6857,1,d6857,42.5906,pass_all
q6857,2,d6498,31.8756,pass_partial
q6857,3,d2175,20.8664,error
q6857,4,d6739,19.6666,pass_partial
q6857,5,d7035,19.1728,error
q6857,6,d7919,18.4059,error
q6857,7,d8255,18.224,error
q6857,8,d3791,18.1362,wrong_answer
q6857,9,d5594,17.7202,error
q6857,10,d2513,17.4288,wrong_answer
q6869,1,d6869,42.2948,pass_all
q6869,2,d6077,26.0269,error
q6869,3,d6674,24.4834,error
q6869,4,d5881,20.5982,error
q6869,5,d5682,19.2732,error
q6869,6,d6732,18.6989,error
q6869,7,d5198,18.5416,error
q6869,8,d2358,18.5035,error
q6869,9,d7450,18.4852,error
q6869,10,d6931,18.2365,
q6892,1,d6892,44.3372,pass_all
q6892,2,d5340,26.1805,error
q6892,3,d5810,19.4482,wrong_answer
q6892,4,d7761,19.387,error
q6892,5,d5189,18.7388,error
q6892,6,d5623,16.7307,error
q6892,7,d3847,16.6346,
q6892,8,d7368,16.6134,error
q6892,9,d6999,16.3791,wrong_answer
q6892,10,d7452,16.2814,
q6908,1,d6908,45.9814,pass_all
q6908,2,d5373,24.4233,error
q6908,3,d1739,24.0253,wrong_answer
q6908,4,d907,21.1665,error
q6908,5,d7738,19.4377,unverified
q6908,6,d5258,19.322,error
q6908,7,d6559,18.4873,error
q6908,8,d2085,18.3688,error
q6908,9,d3207,17.3016,wrong_answer
q6908,10,d7388,16.3933,wrong_answer
q6942,1,d6942,46.9826,pass_all
q6942,2,d5740,20.1894,error
q6942,3,d5676,17.7894,wrong_answer
q6942,4,d6166,17.74,error
q6942,5,d7178,17.5423,error
q6942,6,d8236,17.0893,
q6942,7,d6745,17.0713,
q6942,8,d1677,16.8678,
q6942,9,d2326,16.6379,
q6942,10,d5770,16.6309,wrong_answer
q6987,1,d6987,46.5198,pass_all
q6987,2,d6264,21.5856,error
q6987,3,d7906,20.9591,error
q6987,4,d7667,20.0244,wrong_answer
q6987,5,d6658,19.7066,pass_partial
q6987,6,d7739,18.1175,wrong_answer
q6987,7,d2247,17.7653,error
q6987,8,d7087,16.9367,
q6987,9,d5423,16.7784,
q6987,10,d5906,16.7238,wrong_answer
q7003,1,d7003,47.2255,pass_all
q7003,2,d7848,30.2021,unverified
q7003,3,d2187,25.4155,error
q7003,4,d5894,22.8239,error
q7003,5,d7856,22.3503,error
q7003,6,d7563,17.7865,error
q7003,7,d5744,16.8978,wrong_answer
q7003,8,d6422,16.6931,wrong_answer
q7003,9,d7387,16.5944,wrong_answer
q7003,10,d2127,15.9611,wrong_answer
q7023,1,d7023,35.3855,wrong_answer
q7023,2,d7130,22.917,error
q7023,3,d6467,21.1432,error
q7023,4,d8692,20.6216,error
q7023,5,d7943,20.0901,error
q7023,6,d1408,19.4391,error
q7023,7,d7950,18.2948,error
q7023,8,d8196,17.8955,error
q7023,9,d2399,17.5304,error
q7023,10,d6015,17.1566,error
q7028,1,d7028,37.8182,pass_all
q7028,2,d8473,23.3011,error
q7028,3,d5111,22.4422,wrong_answer
q7028,4,d2362,20.2422,error
q7028,5,d5880,20.0997,error
q7028,6,d2059,19.8893,wrong_answer
q7028,7,d931,19.4294,error
q7028,8,d7236,19.159,error
q7028,9,d3838,17.9605,wrong_answer
q7028,10,d2013,17.5312,wrong_answer
q7034,1,d7034,35.5641,pass_all
q7034,2,d2306,23.8816,unverified
q7034,3,d7856,20.322,error
q7034,4,d7828,17.6732,wrong_answer
q7034,5,d6837,17.3642,wrong_answer
q7034,6,d7387,16.8682,error
q7034,7,d8539,16.3598,error
q7034,8,d7130,16.1594,error
q7034,9,d7023,16.1477,error
q7034,10,d7035,15.8679,wrong_answer
q7035,1,d7035,45.229,pass_all
q7035,2,d8265,33.7131,pass_partial
q7035,3,d8255,28.9366,pass_partial
q7035,4,d5529,28.0042,wrong_answer
q7035,5,d5594,25.9387,pass_partial
q7035,6,d5367,23.3379,pass_partial
q7035,7,d5878,22.4563,pass_partial
q7035,8,d6837,22.2298,wrong_answer
q7035,9,d6581,21.9983,error
q7035,10,d2306,21.7185,unverified
q7079,1,d7079,30.6968,error
q7079,2,d5878,21.4126,error
q7079,3,d7387,19.1391,error
q7079,4,d6717,18.8772,error
q7079,5,d5986,18.7739,error
q7079,6,d6581,18.0006,error
q7079,7,d7676,17.7271,error
q7079,8,d7537,17.4254,error
q7079,9,d7835,16.98,wrong_answer
q7079,10,d7957,16.1269,error
q7097,1,d7097,31.8589,wrong_answer
q7097,2,d7950,20.5199,wrong_answer
q7097,3,d6946,18.6869,error
q7097,4,d2399,18.6347,error
q7097,5,d7940,18.1543,wrong_answer
q7097,6,d8475,17.3582,wrong_answer
q7097,7,d2097,16.8935,error
q7097,8,d5591,16.6443,wrong_answer
q7097,9,d7339,16.3009,error
q7097,10,d8510,16.1103,error
q7152,1,d7152,30.0696,wrong_answer
q7152,2,d7940,21.4876,wrong_answer
q7152,3,d62,20.5699,error
q7152,4,d6187,17.7861,wrong_answer
q7152,5,d6839,17.2945,error
q7152,6,d8692,16.4845,error
q7152,7,d7353,15.9978,error
q7152,8,d7350,15.4645,wrong_answer
q7152,9,d8516,15.1996,error
q7152,10,d29,14.9278,wrong_answer
q7178,1,d7178,42.6034,pass_all
q7178,2,d23,25.6008,wrong_answer
q7178,3,d7364,25.2806,wrong_answer
q7178,4,d7671,18.3315,wrong_answer
q7178,5,d862,17.3338,wrong_answer
q7178,6,d1223,17.0332,
q7178,7,d2320,16.9669,error
q7178,8,d7312,16.8802,
q7178,9,d8759,16.8053,
q7178,10,d5948,16.6524,
q7190,1,d7190,41.9099,pass_all
q7190,2,d7647,23.2684,wrong_answer
q7190,3,d8679,23.235,error
q7190,4,d7038,22.2528,error
q7190,5,d1189,22.0083,error
q7190,6,d708,21.4618,error
q7190,7,d7089,20.9904,error
q7190,8,d5529,20.6515,wrong_answer
q7190,9,d5880,20.5975,error
q7190,10,d2290,19.5545,error
q7195,1,d7195,39.3925,pass_all
q7195,2,d1083,23.8,error
q7195,3,d2282,18.3778,error
q7195,4,d7460,16.6497,error
q7195,5,d3659,15.1939,wrong_answer
q7195,6,d6839,14.6858,error
q7195,7,d791,13.9884,error
q7195,8,d4188,13.0695,
q7195,9,d7506,12.8358,
q7195,10,d1630,12.8003,wrong_answer
q7215,1,d7215,41.876,pass_all
q7215,2,d6139,23.0674,wrong_answer
q7215,3,d7007,22.6473,pass_partial
q7215,4,d1452,22.3315,error
q7215,5,d5432,21.7807,error
q7215,6,d5115,21.7325,error
q7215,7,d7387,21.5068,error
q7215,8,d5484,19.2179,error
q7215,9,d6759,18.9617,error
q7215,10,d1507,18.8987,error
q7244,1,d7244,48.5023,pass_all
q7244,2,d1295,20.1131,error
q7244,3,d6839,19.4903,error
q7244,4,d7988,18.9042,error
q7244,5,d6106,18.8671,error
q7244,6,d7651,16.4565,error
q7244,7,d6531,15.8324,error
q7244,8,d8692,15.6928,
q7244,9,d7195,15.653,error
q7244,10,d511,15.6376,error
q7251,1,d7251,35.5045,pass_all
q7251,2,d7414,23.7544,wrong_answer
q7251,3,d2395,21.402,wrong_answer
q7251,4,d6943,19.6275,error
q7251,5,d1471,17.2957,wrong_answer
q7251,6,d1061,16.0549,wrong_answer
q7251,7,d8427,15.6336,wrong_answer
q7251,8,d5484,15.6238,error
q7251,9,d891,15.4128,error
q7251,10,d19,15.3585,
q7254,1,d7254,45.3735,pass_all
q7254,2,d3198,14.8879,wrong_answer
q7254,3,d1065,14.3333,wrong_answer
q7254,4,d8091,13.2514,error
q7254,5,d59,11.401,error
q7254,6,d7538,11.2956,wrong_answer
q7254,7,d1602,10.9498,
q7254,8,d1012,10.9419,
q7254,9,d4879,10.9233,
q7254,10,d1395,10.8877,
q7258,1,d7258,44.3614,pass_all
q7258,2,d7738,29.699,unverified
q7258,3,d2306,17.1455,unverified
q7258,4,d5373,17.1253,error
q7258,5,d5258,16.6872,error
q7258,6,d5575,16.6405,error
q7258,7,d2323,15.4211,error
q7258,8,d7498,15.2649,error
q7258,9,d7387,15.077,error
q7258,10,d2027,15.0441,error
q7281,1,d7281,44.3561,pass_all
q7281,2,d2372,27.3721,wrong_answer
q7281,3,d1493,21.2084,error
q7281,4,d1054,20.763,wrong_answer
q7281,5,d648,19.206,error
q7281,6,d1385,18.475,error
q7281,7,d7414,18.1629,wrong_answer
q7281,8,d7408,17.4803,error
q7281,9,d74,17.122,wrong_answer
q7281,10,d8661,17.0515,wrong_answer
q7286,1,d7286,37.8823,pass_all
q7286,2,d6286,16.5424,error
q7286,3,d8427,15.6334,wrong_answer
q7286,4,d1390,15.0752,wrong_answer
q7286,5,d2005,14.5172,wrong_answer
q7286,6,d7700,13.6488,error
q7286,7,d7588,13.2302,error
q7286,8,d6099,13.2201,error
q7286,9,d5579,12.8431,error
q7286,10,d7940,12.3308,
q7295,1,d7295,44.8136,pass_all
q7295,2,d511,19.6408,error
q7295,3,d7195,16.4896,error
q7295,4,d7079,15.5428,error
q7295,5,d6531,15.5365,error
q7295,6,d5676,14.9402,
q7295,7,d6166,14.8493,error
q7295,8,d2175,14.8046,wrong_answer
q7295,9,d1466,14.7896,
q7295,10,d8539,14.7447,
q7312,1,d7312,48.1806,pass_all
q7312,2,d5093,26.7203,wrong_answer
q7312,3,d5997,25.1928,error
q7312,4,d1199,21.2793,error
q7312,5,d7676,19.9928,error
q7312,6,d6892,19.8207,error
q7312,7,d2320,19.011,error
q7312,8,d7749,18.888,error
q7312,9,d1967,18.4354,wrong_answer
q7312,10,d5110,18.3388,
q7317,1,d7317,48.431,pass_all
q7317,2,d607,24.7291,error
q7317,3,d662,22.9261,wrong_answer
q7317,4,d8236,18.3997,error
q7317,5,d5419,15.9383,wrong_answer
q7317,6,d6072,15.9023,error
q7317,7,d529,15.7108,error
q7317,8,d59,15.6283,error
q7317,9,d8462,15.5047,
q7317,10,d7574,15.4209,
q7339,1,d7339,44.521,pass_all
q7339,2,d7014,21.335,error
q7339,3,d2085,20.2465,wrong_answer
q7339,4,d7387,20.0939,error
q7339,5,d4841,19.1288,wrong_answer
q7339,6,d2148,18.1353,error
q7339,7,d8539,17.8822,error
q7339,8,d7498,17.4535,error
q7339,9,d7738,17.2592,unverified
q7339,10,d7793,16.5042,wrong_answer
q7340,1,d7340,41.2376,wrong_answer
q7340,2,d572,31.6869,error
q7340,3,d1301,26.3818,error
q7340,4,d708,21.0957,error
q7340,5,d2249,20.2162,error
q7340,6,d7848,19.9947,unverified
q7340,7,d692,19.8196,wrong_answer
q7340,8,d1438,19.389,wrong_answer
q7340,9,d6826,19.2189,error
q7340,10,d2173,19.0066,error
q7348,1,d7348,47.2195,pass_all
q7348,2,d7538,28.5889,wrong_answer
q7348,3,d8430,21.4038,error
q7348,4,d82,20.7339,error
q7348,5,d7234,18.9111,error
q7348,6,d5969,18.4328,error
q7348,7,d1153,15.8708,error
q7348,8,d8091,15.1159,wrong_answer
q7348,9,d8539,14.9297,error
q7348,10,d1223,14.6114,wrong_answer
q7353,1,d7353,40.1002,pass_partial
q7353,2,d7387,20.9904,error
q7353,3,d8539,20.1574,error
q7353,4,d1408,17.6102,error
q7353,5,d74,16.5984,error
q7353,6,d7130,15.2935,error
q7353,7,d1183,14.6418,error
q7353,8,d7152,14.5226,error
q7353,9,d8516,14.5174,error
q7353,10,d5115,13.6525,error
q7364,1,d7364,37.7556,pass_all
q7364,2,d5176,24.397,error
q7364,3,d846,21.5851,error
q7364,4,d7178,19.5298,wrong_answer
q7364,5,d7671,17.6955,wrong_answer
q7364,6,d8503,17.6434,error
q7364,7,d7805,17.5954,wrong_answer
q7364,8,d6435,17.3745,
q7364,9,d1378,17.3353,
q7364,10,d1329,17.3081,
q7368,1,d7368,38.9239,error
q7368,2,d2063,23.0924,error
q7368,3,d7761,22.318,error
q7368,4,d7907,20.7661,error
q7368,5,d5249,19.4326,wrong_answer
q7368,6,d8102,18.3371,wrong_answer
q7368,7,d6526,17.999,error
q7368,8,d5740,17.8515,wrong_answer
q7368,9,d6307,17.4422,error
q7368,10,d5898,16.123,error
q7376,1,d7376,44.7504,pass_all
q7376,2,d5400,23.2007,wrong_answer
q7376,3,d8390,21.6814,wrong_answer
q7376,4,d6237,20.8228,error
q7376,5,d5176,20.3292,wrong_answer
q7376,6,d6713,20.2378,error
q7376,7,d5229,19.885,error
q7376,8,d6586,19.8837,error
q7376,9,d5571,19.3211,wrong_answer
q7376,10,d8340,18.1025,wrong_answer
q7383,1,d7383,42.9941,pass_all
q7383,2,d7917,30.2123,pass_all
q7383,3,d6245,27.7348,pass_all
q7383,4,d7826,25.5487,pass_all
q7383,5,d6187,19.6055,wrong_answer
q7383,6,d1580,19.6013,error
q7383,7,d6189,18.4692,wrong_answer
q7383,8,d7388,18.1017,wrong_answer
q7383,9,d7749,17.1516,error
q7383,10,d1232,17.04,error
q7388,1,d7388,47.8027,pass_all
q7388,2,d7383,23.3462,error
q7388,3,d6482,21.2767,error
q7388,4,d7917,18.3942,error
q7388,5,d8587,18.3774,error
q7388,6,d2343,17.575,error
q7388,7,d7826,17.258,
q7388,8,d8201,16.8607,error
q7388,9,d5318,16.7697,error
q7388,10,d5183,16.4854,
q7399,1,d7399,46.6708,pass_all
q7399,2,d5576,22.3764,error
q7399,3,d7452,18.8987,error
q7399,4,d7387,18.7018,error
q7399,5,d2326,18.6004,error
q7399,6,d5183,18.1541,error
q7399,7,d6506,17.5867,error
q7399,8,d5681,17.3557,error
q7399,9,d7798,17.1482,error
q7399,10,d6168,16.5284,
q7414,1,d7414,48.0229,pass_all
q7414,2,d1061,26.2883,wrong_answer
q7414,3,d1385,24.3048,error
q7414,4,d7671,21.3251,error
q7414,5,d7251,21.1032,wrong_answer
q7414,6,d5432,20.5313,error
q7414,7,d1471,19.8041,wrong_answer
q7414,8,d826,18.5692,wrong_answer
q7414,9,d8427,18.3262,wrong_answer
q7414,10,d718,17.4146,
q7435,1,d7435,39.1853,pass_all
q7435,2,d8064,22.3976,error
q7435,3,d8131,20.6942,wrong_answer
q7435,4,d5367,20.0172,error
q7435,5,d7317,19.468,error
q7435,6,d5529,19.3783,error
q7435,7,d2925,19.1667,wrong_answer
q7435,8,d8430,19.1141,error
q7435,9,d607,18.553,error
q7435,10,d1220,18.2539,wrong_answer
q7495,1,d7495,37.3729,pass_all
q7495,2,d5425,29.1697,pass_all
q7495,3,d5050,27.9984,wrong_answer
q7495,4,d7709,24.7804,wrong_answer
q7495,5,d5161,23.3136,error
q7495,6,d3847,22.5907,wrong_answer
q7495,7,d5674,22.2694,error
q7495,8,d8517,20.5564,wrong_answer
q7495,9,d6228,20.2715,error
q7495,10,d8132,19.9854,wrong_answer
q7498,1,d7498,49.431,pass_all
q7498,2,d5204,20.651,wrong_answer
q7498,3,d6139,20.0609,wrong_answer
q7498,4,d2027,19.2919,error
q7498,5,d2148,19.1713,error
q7498,6,d7339,19.1712,error
q7498,7,d7014,18.8579,error
q7498,8,d5878,17.4363,error
q7498,9,d5484,16.9695,error
q7498,10,d7738,16.7348,unverified
q7503,1,d7503,44.0145,pass_all
q7503,2,d6264,23.4596,error
q7503,3,d6759,23.4293,error
q7503,4,d458,21.0094,wrong_answer
q7503,5,d1631,20.7971,wrong_answer
q7503,6,d5546,19.714,error
q7503,7,d6739,19.3321,wrong_answer
q7503,8,d7671,18.8418,
q7503,9,d5595,18.6676,
q7503,10,d5915,18.5794,error
q7536,1,d7536,36.6168,pass_all
q7536,2,d7787,17.9952,error
q7536,3,d7450,17.4338,error
q7536,4,d6545,16.5229,error
q7536,5,d1159,16.2084,error
q7536,6,d2082,15.9917,error
q7536,7,d6286,15.9507,error
q7536,8,d8147,15.8678,error
q7536,9,d5960,15.3586,error
q7536,10,d7919,14.9154,error
q7570,1,d1039,37.288,wrong_answer
q7570,2,d7570,28.8133,error
q7570,3,d1395,28.6066,wrong_answer
q7570,4,d6752,25.4758,wrong_answer
q7570,5,d7393,21.0345,wrong_answer
q7570,6,d826,20.3027,error
q7570,7,d264,19.681,wrong_answer
q7570,8,d1105,19.5143,error
q7570,9,d252,19.0481,wrong_answer
q7570,10,d6786,18.7383,wrong_answer
q7584,1,d7584,49.0093,pass_all
q7584,2,d7211,19.9457,error
q7584,3,d7617,17.0076,error
q7584,4,d5151,15.1901,wrong_answer
q7584,5,d826,14.1654,wrong_answer
q7584,6,d1684,13.9377,error
q7584,7,d7781,13.5509,wrong_answer
q7584,8,d2173,13.3219,wrong_answer
q7584,9,d5948,12.5981,wrong_answer
q7584,10,d8539,12.3562,error
q7617,1,d7617,46.3715,pass_all
q7617,2,d1684,28.656,error
q7617,3,d1375,20.869,error
q7617,4,d8509,18.3736,wrong_answer
q7617,5,d1054,18.2919,wrong_answer
q7617,6,d7281,17.1503,error
q7617,7,d2343,17.1145,wrong_answer
q7617,8,d7584,16.2148,error
q7617,9,d7211,13.7652,
q7617,10,d6513,13.7437,
q7651,1,d7651,41.6993,pass_all
q7651,2,d6716,19.655,error
q7651,3,d808,19.2083,error
q7651,4,d811,16.2886,error
q7651,5,d2249,15.6563,error
q7651,6,d7480,15.5206,wrong_answer
q7651,7,d2306,15.206,unverified
q7651,8,d7387,14.8001,error
q7651,9,d5956,14.6818,
q7651,10,d1407,14.6372,
q7667,1,d7667,35.7293,pass_all
q7667,2,d8136,23.5572,error
q7667,3,d5580,22.5397,error
q7667,4,d5987,20.0997,wrong_answer
q7667,5,d1385,18.6461,error
q7667,6,d8727,18.2475,error
q7667,7,d565,17.2051,
q7667,8,d5342,17.1575,
q7667,9,d3847,17.1305,wrong_answer
q7667,10,d6987,17.1257,error
q7698,1,d8600,33.4685,wrong_answer
q7698,2,d5287,32.038,wrong_answer
q7698,3,d7698,31.1958,pass_all
q7698,4,d5363,30.3815,wrong_answer
q7698,5,d6327,28.8254,wrong_answer
q7698,6,d8345,26.4844,wrong_answer
q7698,7,d7797,26.29,wrong_answer
q7698,8,d8364,26.0165,wrong_answer
q7698,9,d6018,24.7636,wrong_answer
q7698,10,d6545,24.0771,wrong_answer
q7721,1,d7721,33.7728,
q7721,2,d4386,28.9293,
q7721,3,d4565,20.8654,
q7721,4,d2646,20.1371,
q7721,5,d2455,19.9671,
q7721,6,d6618,17.0069,
q7721,7,d1965,16.4174,
q7721,8,d4970,16.2637,
q7721,9,d3106,16.0804,
q7721,10,d931,15.9122,
q7738,1,d7738,36.0183,unverified
q7738,2,d7258,21.5536,error
q7738,3,d7072,18.7359,error
q7738,4,d5373,17.8403,error
q7738,5,d6506,17.0704,error
q7738,6,d7798,16.4764,error
q7738,7,d2027,16.4274,error
q7738,8,d5297,15.548,error
q7738,9,d5741,15.2379,error
q7738,10,d6716,15.0717,error
q7739,1,d7739,40.0002,pass_all
q7739,2,d8205,23.2775,pass_partial
q7739,3,d5161,23.1834,pass_partial
q7739,4,d5623,23.1285,pass_partial
q7739,5,d7709,21.4111,pass_partial
q7739,6,d6582,19.3789,error
q7739,7,d5674,19.2945,wrong_answer
q7739,8,d5245,19.2032,error
q7739,9,d7312,19.0241,
q7739,10,d5282,18.8635,
q7787,1,d7787,47.1335,pass_all
q7787,2,d7934,25.5344,error
q7787,3,d8147,23.1258,error
q7787,4,d2082,22.1504,wrong_answer
q7787,5,d8236,20.2848,error
q7787,6,d6586,19.9955,wrong_answer
q7787,7,d1232,17.9783,error
q7787,8,d5366,17.2526,wrong_answer
q7787,9,d7536,16.8252,error
q7787,10,d6176,16.6719,
q7791,1,d7791,41.722,pass_all
q7791,2,d6528,31.7384,pass_partial
q7791,3,d7641,29.3549,wrong_answer
q7791,4,d5432,27.7842,wrong_answer
q7791,5,d5951,23.168,wrong_answer
q7791,6,d5191,21.3231,wrong_answer
q7791,7,d8503,18.4602,wrong_answer
q7791,8,d7387,18.3988,error
q7791,9,d5878,18.3406,error
q7791,10,d5997,18.2778,error
q7794,1,d7794,41.7337,pass_all
q7794,2,d5241,20.7121,error
q7794,3,d5579,20.0698,error
q7794,4,d555,18.7448,error
q7794,5,d7709,16.8869,wrong_answer
q7794,6,d452,14.2296,wrong_answer
q7794,7,d8405,13.6719,wrong_answer
q7794,8,d8327,13.6346,
q7794,9,d5740,13.4879,
q7794,10,d8557,13.4101,error
q7797,1,d7797,36.1076,pass_all
q7797,2,d6545,27.1536,wrong_answer
q7797,3,d5287,25.5098,wrong_answer
q7797,4,d6518,24.38,wrong_answer
q7797,5,d7781,22.4112,wrong_answer
q7797,6,d6018,21.7265,wrong_answer
q7797,7,d6327,21.6249,wrong_answer
q7797,8,d252,21.3645,wrong_answer
q7797,9,d5363,21.3394,wrong_answer
q7797,10,d4333,20.2334,wrong_answer
q7848,1,d7848,34.7274,unverified
q7848,2,d2127,31.7511,pass_partial
q7848,3,d7003,25.0009,error
q7848,4,d7959,21.7766,pass_partial
q7848,5,d7563,18.5825,error
q7848,6,d742,17.5772,wrong_answer
q7848,7,d986,17.1744,error
q7848,8,d7917,17.0619,wrong_answer
q7848,9,d6752,16.7861,pass_partial
q7848,10,d1199,16.5885,error
q7856,1,d7856,49.7323,pass_all
q7856,2,d7003,24.3583,error
q7856,3,d5894,22.5289,error
q7856,4,d7563,21.3427,error
q7856,5,d2306,19.3678,unverified
q7856,6,d2085,19.1936,error
q7856,7,d2187,18.2622,error
q7856,8,d6752,18.237,wrong_answer
q7856,9,d7934,17.9619,
q7856,10,d1466,17.9579,
q7864,1,d7864,48.0247,pass_all
q7864,2,d6646,24.3919,wrong_answer
q7864,3,d6047,24.3212,pass_all
q7864,4,d5987,23.0526,error
q7864,5,d8580,20.8722,pass_partial
q7864,6,d6739,20.3786,pass_partial
q7864,7,d6513,19.9619,error
q7864,8,d5591,18.9986,wrong_answer
q7864,9,d850,18.9291,pass_partial
q7864,10,d6377,18.8342,error
q7874,1,d7874,31.9125,pass_all
q7874,2,d7894,21.7383,wrong_answer
q7874,3,d8510,20.9168,pass_partial
q7874,4,d6059,18.6168,error
q7874,5,d7072,18.1875,error
q7874,6,d6099,15.9505,error
q7874,7,d5189,15.858,
q7874,8,d1061,15.8223,
q7874,9,d6552,15.7914,
q7874,10,d8147,15.7129,
q7894,1,d7894,49.7782,pass_all
q7894,2,d6625,20.7207,error
q7894,3,d7907,20.0301,error
q7894,4,d8691,18.7159,wrong_answer
q7894,5,d8293,17.4674,error
q7894,6,d6099,17.1841,error
q7894,7,d6837,16.5003,error
q7894,8,d7547,16.0015,error
q7894,9,d5287,15.7618,wrong_answer
q7894,10,d1602,15.6361,
q7917,1,d7917,47.2911,pass_all
q7917,2,d7826,28.4409,pass_partial
q7917,3,d7749,27.8972,error
q7917,4,d2127,26.0543,wrong_answer
q7917,5,d5399,25.6792,pass_all
q7917,6,d5680,23.7115,pass_partial
q7917,7,d7383,23.3406,error
q7917,8,d8195,21.5465,wrong_answer
q7917,9,d5744,21.2505,wrong_answer
q7917,10,d8585,21.048,pass_partial
q7936,1,d7936,43.1396,pass_all
q7936,2,d6269,31.6636,pass_all
q7936,3,d5897,23.0545,error
q7936,4,d5466,22.2338,error
q7936,5,d7523,21.8214,wrong_answer
q7936,6,d5060,21.5124,pass_partial
q7936,7,d7826,19.1098,pass_partial
q7936,8,d6245,18.6249,pass_partial
q7936,9,d5423,18.3307,error
q7936,10,d7988,17.1351,error
q7988,1,d7988,34.0362,pass_partial
q7988,2,d5060,20.4622,error
q7988,3,d5591,20.2928,error
q7988,4,d6187,20.0929,error
q7988,5,d8078,19.4905,error
q7988,6,d7244,19.224,error
q7988,7,d8045,19.1529,error
q7988,8,d6106,18.038,error
q7988,9,d7460,17.2709,error
q7988,10,d5897,15.5355,error
q7995,1,d7995,27.7035,pass_all
q7995,2,d8015,23.2234,error
q7995,3,d7018,20.0525,error
q7995,4,d6939,19.1694,error
q7995,5,d7560,19.1566,error
q7995,6,d7856,18.1103,error
q7995,7,d5110,16.2041,error
q7995,8,d6422,16.1517,
q7995,9,d7738,16.1501,
q7995,10,d8539,16.0378,
q8025,1,d8025,37.6827,pass_all
q8025,2,d8103,26.5397,pass_partial
q8025,3,d6838,19.7292,wrong_answer
q8025,4,d6535,19.1278,wrong_answer
q8025,5,d6377,18.9907,error
q8025,6,d6513,18.5663,wrong_answer
q8025,7,d7959,18.5137,wrong_answer
q8025,8,d850,17.2108,wrong_answer
q8025,9,d7864,16.9081,wrong_answer
q8025,10,d7671,16.8087,error
q8102,1,d8102,48.4805,pass_all
q8102,2,d6764,24.3818,wrong_answer
q8102,3,d5686,21.7015,error
q8102,4,d6155,20.7139,error
q8102,5,d6615,19.365,error
q8102,6,d6307,19.2242,error
q8102,7,d5074,18.9592,error
q8102,8,d6728,16.7831,error
q8102,9,d2118,16.4632,error
q8102,10,d6176,16.2882,
q8132,1,d8132,48.3209,pass_all
q8132,2,d7495,25.9705,wrong_answer
q8132,3,d5674,22.3546,error
q8132,4,d5112,22.1601,error
q8132,5,d5050,21.409,wrong_answer
q8132,6,d5480,21.3823,error
q8132,7,d5770,21.3082,error
q8132,8,d8646,21.1672,error
q8132,9,d6450,20.9697,error
q8132,10,d6264,20.7759,error
q8147,1,d8147,29.9882,
q8147,2,d6230,25.8226,
q8147,3,d5956,22.327,
q8147,4,d2247,21.4647,
q8147,5,d6764,21.1452,
q8147,6,d5154,20.8918,
q8147,7,d5722,19.1237,
q8147,8,d2147,18.9675,
q8147,9,d6662,18.777,
q8147,10,d7492,17.9746,
q8184,1,d8184,33.8964,pass_all
q8184,2,d7864,30.943,pass_all
q8184,3,d6047,24.1301,pass_all
q8184,4,d2057,19.9464,error
q8184,5,d8510,19.3476,error
q8184,6,d7097,18.3761,error
q8184,7,d3233,17.5885,wrong_answer
q8184,8,d5987,17.0421,error
q8184,9,d7828,16.7402,error
q8184,10,d2449,16.4674,wrong_answer
q8195,1,d8195,44.7133,pass_all
q8195,2,d3651,29.5199,wrong_answer
q8195,3,d7700,20.4651,error
q8195,4,d7917,20.0791,wrong_answer
q8195,5,d6018,19.5502,wrong_answer
q8195,6,d8006,19.3324,wrong_answer
q8195,7,d7201,19.2087,error
q8195,8,d2127,19.1421,error
q8195,9,d6618,18.5022,wrong_answer
q8195,10,d7950,18.2385,
q8233,1,d8233,50.0322,pass_all
q8233,2,d5674,25.9168,pass_all
q8233,3,d8405,23.6586,wrong_answer
q8233,4,d5204,18.2489,error
q8233,5,d6018,17.5051,error
q8233,6,d2027,17.3424,error
q8233,7,d5722,17.2611,error
q8233,8,d2148,17.0792,error
q8233,9,d5282,17.0765,
q8233,10,d8236,16.9044,error
q8254,1,d8254,50.2039,pass_all
q8254,2,d7781,26.758,wrong_answer
q8254,3,d5487,25.344,wrong_answer
q8254,4,d6739,24.6426,wrong_answer
q8254,5,d8600,24.2729,wrong_answer
q8254,6,d986,23.1532,error
q8254,7,d8345,22.7955,wrong_answer
q8254,8,d6586,22.7208,error
q8254,9,d8364,21.7525,wrong_answer
q8254,10,d3265,20.9722,wrong_answer
q8265,1,d8265,48.3365,pass_all
q8265,2,d7450,31.1538,pass_all
q8265,3,d7995,28.8968,pass_all
q8265,4,d5682,26.7359,pass_all
q8265,5,d7035,25.9596,wrong_answer
q8265,6,d5594,25.5694,pass_all
q8265,7,d5529,23.2411,wrong_answer
q8265,8,d8255,21.9332,wrong_answer
q8265,9,d7791,19.5155,wrong_answer
q8265,10,d7647,19.5091,wrong_answer
q8343,1,d8343,49.7639,pass_all
q8343,2,d6958,25.7971,error
q8343,3,d6615,24.4306,error
q8343,4,d8327,23.2691,error
q8343,5,d8356,22.4704,error
q8343,6,d5367,22.021,wrong_answer
q8343,7,d6226,21.6258,error
q8343,8,d5360,21.0585,error
q8343,9,d6155,20.8924,error
q8343,10,d8503,20.2144,wrong_answer
q8352,1,d8352,44.4209,pass_all
q8352,2,d8587,24.5835,wrong_answer
q8352,3,d6528,22.3153,wrong_answer
q8352,4,d7641,17.4724,wrong_answer
q8352,5,d5465,17.1406,wrong_answer
q8352,6,d7387,16.6248,error
q8352,7,d2143,15.4384,error
q8352,8,d7943,15.0854,error
q8352,9,d4941,14.1649,wrong_answer
q8352,10,d8539,14.1177,error
q8356,1,d8356,50.0384,pass_all
q8356,2,d6615,29.3955,error
q8356,3,d8632,28.0329,error
q8356,4,d6728,26.9996,error
q8356,5,d8623,26.6914,pass_all
q8356,6,d8634,21.3068,wrong_answer
q8356,7,d6155,21.1891,error
q8356,8,d6307,21.0054,error
q8356,9,d6226,20.9277,wrong_answer
q8356,10,d6030,20.8309,wrong_answer
q8364,1,d8364,47.6611,pass_all
q8364,2,d6018,30.5423,wrong_answer
q8364,3,d8345,27.6261,wrong_answer
q8364,4,d5151,27.4292,pass_all
q8364,5,d5287,25.032,wrong_answer
q8364,6,d8632,22.3894,error
q8364,7,d8600,20.9273,wrong_answer
q8364,8,d5336,19.8966,wrong_answer
q8364,9,d252,19.663,wrong_answer
q8364,10,d5238,19.4475,error
q8367,1,d8367,31.112,pass_all
q8367,2,d8437,28.6406,pass_all
q8367,3,d7799,21.3827,error
q8367,4,d6652,18.47,error
q8367,5,d8585,18.0754,wrong_answer
q8367,6,d8305,16.6647,error
q8367,7,d5400,16.1611,error
q8367,8,d4133,15.0499,wrong_answer
q8367,9,d8462,15.0473,error
q8367,10,d7383,14.5148,error
q8387,1,d8387,48.141,pass_all
q8387,2,d7995,18.5586,error
q8387,3,d7906,17.6201,error
q8387,4,d6642,17.3502,error
q8387,5,d7574,17.3332,error
q8387,6,d5432,15.2508,error
q8387,7,d7828,15.2272,wrong_answer
q8387,8,d6987,15.1142,error
q8387,9,d5161,14.2425,wrong_answer
q8387,10,d8539,14.0918,
q8405,1,d8405,46.9357,pass_all
q8405,2,d8233,23.2466,wrong_answer
q8405,3,d7709,22.4254,wrong_answer
q8405,4,d4263,20.5052,wrong_answer
q8405,5,d8236,17.7867,error
q8405,6,d5110,17.5744,error
q8405,7,d5674,17.3645,wrong_answer
q8405,8,d8503,17.2229,wrong_answer
q8405,9,d6559,17.1569,error
q8405,10,d2714,16.896,wrong_answer
q8441,1,d8441,46.1774,pass_all
q8441,2,d8580,27.4646,pass_all
q8441,3,d6139,22.1051,wrong_answer
q8441,4,d4149,19.6705,wrong_answer
q8441,5,d2513,18.7419,wrong_answer
q8441,6,d5017,18.1709,error
q8441,7,d2440,18.0662,
q8441,8,d8293,18.0204,
q8441,9,d2477,17.9461,
q8441,10,d8619,17.9288,wrong_answer
q8517,1,d8517,37.6356,
q8517,2,d7667,29.7234,
q8517,3,d5657,25.4566,
q8517,4,d5161,25.0713,
q8517,5,d6264,23.4463,
q8517,6,d5111,23.0233,
q8517,7,d2434,22.8101,
q8517,8,d2247,21.0216,
q8517,9,d7707,20.7734,
q8517,10,d7167,20.6331,
q8539,1,d6910,25.219,pass_all
q8539,2,d5366,23.7783,wrong_answer
q8539,3,d7536,23.0506,error
q8539,4,d6633,20.7598,error
q8539,5,d8236,18.5531,error
q8539,6,d8147,17.7984,
q8539,7,d6674,17.777,
q8539,8,d7335,17.6729,error
q8539,9,d6307,17.6367,
q8539,10,d6178,17.5528,
q8570,1,d8570,41.5898,pass_all
q8570,2,d832,20.9706,wrong_answer
q8570,3,d1385,20.2298,error
q8570,4,d8492,18.8039,error
q8570,5,d715,18.2265,error
q8570,6,d8658,17.6319,error
q8570,7,d1301,17.4991,wrong_answer
q8570,8,d1199,17.4866,error
q8570,9,d23,17.242,
q8570,10,d692,17.1896,error
q8585,1,d8585,52.9792,pass_all
q8585,2,d8437,29.1517,pass_all
q8585,3,d8305,23.5143,wrong_answer
q8585,4,d5400,19.4871,error
q8585,5,d5050,19.0427,wrong_answer
q8585,6,d8588,18.5429,error
q8585,7,d5487,18.5094,wrong_answer
q8585,8,d8462,18.4434,error
q8585,9,d6652,18.0943,error
q8585,10,d5680,18.0035,wrong_answer
q8586,1,d8586,40.8786,pass_all
q8586,2,d8268,23.9309,error
q8586,3,d8147,19.9781,error
q8586,4,d8236,19.5614,wrong_answer
q8586,5,d6630,19.3697,error
q8586,6,d5366,18.6782,error
q8586,7,d6166,18.0194,error
q8586,8,d8646,16.4932,
q8586,9,d2247,16.3985,
q8586,10,d8015,16.3374,
q8619,1,d8619,40.8889,pass_all
q8619,2,d3293,15.2169,wrong_answer
q8619,3,d7514,14.8683,error
q8619,4,d2005,14.6609,wrong_answer
q8619,5,d8236,14.2438,error
q8619,6,d8426,13.5667,
q8619,7,d1855,13.5379,
q8619,8,d8305,13.4911,error
q8619,9,d2633,13.2423,
q8619,10,d6518,13.1586,
q8622,1,d8622,38.4112,pass_all
q8622,2,d7089,26.4588,wrong_answer
q8622,3,d5880,22.5671,wrong_answer
q8622,4,d8491,20.7999,error
q8622,5,d1189,20.4936,wrong_answer
q8622,6,d7190,20.151,error
q8622,7,d6646,17.2994,error
q8622,8,d7959,17.2104,
q8622,9,d1663,17.0452,
q8622,10,d6402,17.0096,error
q8634,1,d8634,36.6666,pass_all
q8634,2,d8103,27.502,pass_all
q8634,3,d5287,24.5038,pass_all
q8634,4,d5623,22.7995,error
q8634,5,d6226,20.4472,wrong_answer
q8634,6,d8632,19.3179,error
q8634,7,d986,18.6274,error
q8634,8,d8254,18.6231,wrong_answer
q8634,9,d8025,17.6559,wrong_answer
q8634,10,d7959,17.597,wrong_answer
q8727,1,d8727,40.8909,pass_all
q8727,2,d6180,27.1157,pass_all
q8727,3,d5161,22.4725,wrong_answer
q8727,4,d8517,21.6441,wrong_answer
q8727,5,d6910,19.6949,error
q8727,6,d7495,19.6742,error
q8727,7,d2178,19.2355,error
q8727,8,d6038,18.8635,error
q8727,9,d6377,18.7804,error
q8727,10,d7738,17.6817,unverified
q8756,1,d8756,43.0158,pass_all
q8756,2,d8426,13.2236,wrong_answer
q8756,3,d8258,12.4972,error
q8756,4,d3264,10.2013,wrong_answer
q8756,5,d6577,10.1338,wrong_answer
q8756,6,d8427,10.0993,error
q8756,7,d8400,9.8477,wrong_answer
q8756,8,d8437,9.6836,
q8756,9,d7794,9.6491,
q8756,10,d8619,9.6399,
